"label","file_name"
"F0112","https://loc.bus-vision.jp/ryobi/view/images/common/busicon/10000/3/202_s.png"
"F0113","https://loc.bus-vision.jp/ryobi/view/images/common/busicon/10000/3/202_s.png"
"F0115","https://loc.bus-vision.jp/ryobi/view/images/common/busicon/10000/3/202_s.png"
"F0204","/202_s2.png"
"F0205","/202_s2.png"
"F0216","https://loc.bus-vision.jp/ryobi/view/images/common/busicon/10000/3/202_s.png"
"F0218","https://loc.bus-vision.jp/ryobi/view/images/common/busicon/10000/3/202_s.png"
"F0219","https://loc.bus-vision.jp/ryobi/view/images/common/busicon/10000/3/202_s.png"
"F0222","https://loc.bus-vision.jp/ryobi/view/images/common/busicon/10000/3/202_s.png"
"F0223","https://loc.bus-vision.jp/ryobi/view/images/common/busicon/10000/3/202_s.png"
"F0320","https://loc.bus-vision.jp/ryobi/view/images/common/busicon/10000/3/202_s.png"
"F0321","https://loc.bus-vision.jp/ryobi/view/images/common/busicon/10000/3/202_s.png"
"F0401","https://loc.bus-vision.jp/ryobi/view/images/common/busicon/10000/3/202_s.png"
"F0402","https://loc.bus-vision.jp/ryobi/view/images/common/busicon/10000/3/202_s.png"
"F0426","https://loc.bus-vision.jp/ryobi/view/images/common/busicon/10000/3/202_s.png"
"F0427","https://loc.bus-vision.jp/ryobi/view/images/common/busicon/10000/3/202_s.png"
"F0504","https://loc.bus-vision.jp/ryobi/view/images/common/busicon/10000/3/202_s.png"
"F0505","https://loc.bus-vision.jp/ryobi/view/images/common/busicon/10000/3/202_s.png"
"F0604","https://loc.bus-vision.jp/ryobi/view/images/common/busicon/10000/3/202_s.png"
"F0606","https://loc.bus-vision.jp/ryobi/view/images/common/busicon/10000/3/202_s.png"
"F0701","https://loc.bus-vision.jp/ryobi/view/images/common/busicon/10000/3/202_s.png"
"F0703","https://loc.bus-vision.jp/ryobi/view/images/common/busicon/10000/3/202_s.png"
"F0803","https://loc.bus-vision.jp/ryobi/view/images/common/busicon/10000/3/202_s.png"
"F0805","https://loc.bus-vision.jp/ryobi/view/images/common/busicon/10000/3/202_s.png"
"F0806","https://loc.bus-vision.jp/ryobi/view/images/common/busicon/10000/3/202_s.png"
"F0901","https://loc.bus-vision.jp/ryobi/view/images/common/busicon/10000/3/202_s.png"
"F0902","https://loc.bus-vision.jp/ryobi/view/images/common/busicon/10000/3/202_s.png"
"F0903","https://loc.bus-vision.jp/ryobi/view/images/common/busicon/10000/3/202_s.png"
"F0904","https://loc.bus-vision.jp/ryobi/view/images/common/busicon/10000/3/202_s.png"
"F1001","https://loc.bus-vision.jp/ryobi/view/images/common/busicon/10000/3/202_s.png"
"F1002","https://loc.bus-vision.jp/ryobi/view/images/common/busicon/10000/3/202_s.png"
"F1004","https://loc.bus-vision.jp/ryobi/view/images/common/busicon/10000/3/202_s.png"
"F1005","https://loc.bus-vision.jp/ryobi/view/images/common/busicon/10000/3/202_s.png"
"F1008","https://loc.bus-vision.jp/ryobi/view/images/common/busicon/10000/3/202_s.png"
"F1009","https://loc.bus-vision.jp/ryobi/view/images/common/busicon/10000/3/202_s.png"
"F1101","https://loc.bus-vision.jp/ryobi/view/images/common/busicon/10000/3/202_s.png"
"F1301","https://loc.bus-vision.jp/ryobi/view/images/common/busicon/10000/3/202_s.png"
"F1302","https://loc.bus-vision.jp/ryobi/view/images/common/busicon/10000/3/202_s.png"
"F1413","https://loc.bus-vision.jp/ryobi/view/images/common/busicon/10000/3/202_s.png"
"F1414","https://loc.bus-vision.jp/ryobi/view/images/common/busicon/10000/3/202_s.png"
"F1513","/202_r.png"
"F1514","/202_r.png"
"F1515","/202_r.png"
"F1516","/202_r.png"
"F1721","/202_onpu.png"
"F1813","/202_r.png"
"F1814","/202_r.png"
"F1815","/202_r.png"
"F1816","/202_r.png"
"F1905","/203_r.png"
"F1906","/203_r.png"
"F1919","/203_r.png"
"F1920","/203_r.png"
"F2403","/203_r.png"
"F2404","/203_r.png"
"F2507","/203_r.png"
"F2508","/203_r.png"
"F0103","https://loc.bus-vision.jp/ryobi/view/images/common/busicon/10000/3/204_s.png"
"F0203","https://loc.bus-vision.jp/ryobi/view/images/common/busicon/10000/3/204_s.png"
"F0206","/204_s2.png"
"F0220","https://loc.bus-vision.jp/ryobi/view/images/common/busicon/10000/3/204_s.png"
"F0326","https://loc.bus-vision.jp/ryobi/view/images/common/busicon/10000/3/204_s.png"
"F0432","https://loc.bus-vision.jp/ryobi/view/images/common/busicon/10000/3/204_s.png"
"F2506","/204_r.png"
"F0821","/204_96.png"
"F1903","/205_r.png"
"F1904","/205_r.png"
"F1915","/205_r.png"
"F1916","/205_r.png"
"F0404","https://loc.bus-vision.jp/ryobi/view/images/common/busicon/10000/3/204_s.png"
"F0433","https://loc.bus-vision.jp/ryobi/view/images/common/busicon/10000/3/204_s.png"
"F0527","https://loc.bus-vision.jp/ryobi/view/images/common/busicon/10000/3/204_s.png"
"F0603","https://loc.bus-vision.jp/ryobi/view/images/common/busicon/10000/3/204_s.png"
"F0622","https://loc.bus-vision.jp/ryobi/view/images/common/busicon/10000/3/204_s.png"
"F0623","https://loc.bus-vision.jp/ryobi/view/images/common/busicon/10000/3/204_s.png"
"F0711","https://loc.bus-vision.jp/ryobi/view/images/common/busicon/10000/3/204_s.png"
"F0712","https://loc.bus-vision.jp/ryobi/view/images/common/busicon/10000/3/204_s.png"
"F1718","/204_r.png"
"F1719","/204_r.png"
"F1811","/204_r.png"
"F1812","/204_r.png"
"F0612","https://loc.bus-vision.jp/ryobi/view/images/common/busicon/10000/3/207_s.png"
"F0613","https://loc.bus-vision.jp/ryobi/view/images/common/busicon/10000/3/207_s.png"
"F0614","https://loc.bus-vision.jp/ryobi/view/images/common/busicon/10000/3/207_s.png"
"F0615","https://loc.bus-vision.jp/ryobi/view/images/common/busicon/10000/3/207_s.png"
"F1908","https://loc.bus-vision.jp/ryobi/view/images/common/busicon/10000/3/209_s.png"
"F1909","https://loc.bus-vision.jp/ryobi/view/images/common/busicon/10000/3/209_s.png"
"F1917","https://loc.bus-vision.jp/ryobi/view/images/common/busicon/10000/3/209_s.png"
"F1918","https://loc.bus-vision.jp/ryobi/view/images/common/busicon/10000/3/209_s.png"
"F2001","https://loc.bus-vision.jp/ryobi/view/images/common/busicon/10000/3/210_s.png"
"F1031","https://loc.bus-vision.jp/ryobi/view/images/common/busicon/10000/3/211_s.png"
"F1006","https://loc.bus-vision.jp/ryobi/view/images/common/busicon/10000/3/212_s.png"
"F0512","https://loc.bus-vision.jp/ryobi/view/images/common/busicon/10000/3/213_s.png"
"H1907","https://loc.bus-vision.jp/ryobi/view/images/common/busicon/10000/3/213_s.png"
"Y2101","https://loc.bus-vision.jp/ryobi/view/images/common/busicon/10000/3/214_s.png"
"Y2102","https://loc.bus-vision.jp/ryobi/view/images/common/busicon/10000/3/215_s.png"
"F1720","https://loc.bus-vision.jp/ryobi/view/images/common/busicon/10000/3/216_s.png"
"DEFAULT","/202_r.png"
