"label","url"
"890","https://loc.bus-vision.jp/ryobi/view/images/common/busicon/10000/2/301_s.png"
"927","https://loc.bus-vision.jp/ryobi/view/images/common/busicon/10000/2/301_s.png"
"932","https://loc.bus-vision.jp/ryobi/view/images/common/busicon/10000/2/301_s.png"
"933","https://loc.bus-vision.jp/ryobi/view/images/common/busicon/10000/2/301_s.png"
"934","https://loc.bus-vision.jp/ryobi/view/images/common/busicon/10000/2/301_s.png"
"935","https://loc.bus-vision.jp/ryobi/view/images/common/busicon/10000/2/301_s.png"
"940","https://loc.bus-vision.jp/ryobi/view/images/common/busicon/10000/2/301_s.png"
"943","https://loc.bus-vision.jp/ryobi/view/images/common/busicon/10000/2/301_s.png"
"948","https://loc.bus-vision.jp/ryobi/view/images/common/busicon/10000/2/301_s.png"
"951","https://loc.bus-vision.jp/ryobi/view/images/common/busicon/10000/2/301_s.png"
"954","https://loc.bus-vision.jp/ryobi/view/images/common/busicon/10000/2/301_s.png"
"955","https://loc.bus-vision.jp/ryobi/view/images/common/busicon/10000/2/301_s.png"
"956","https://loc.bus-vision.jp/ryobi/view/images/common/busicon/10000/2/301_s.png"
"9609","https://loc.bus-vision.jp/ryobi/view/images/common/busicon/10000/2/301_s.png"
"962","https://loc.bus-vision.jp/ryobi/view/images/common/busicon/10000/2/301_s.png"
"963","https://loc.bus-vision.jp/ryobi/view/images/common/busicon/10000/2/301_s.png"
"964","https://loc.bus-vision.jp/ryobi/view/images/common/busicon/10000/2/301_s.png"
"968","https://loc.bus-vision.jp/ryobi/view/images/common/busicon/10000/2/301_s.png"
"969","https://loc.bus-vision.jp/ryobi/view/images/common/busicon/10000/2/301_s.png"
"9709","https://loc.bus-vision.jp/ryobi/view/images/common/busicon/10000/2/301_s.png"
"971","https://loc.bus-vision.jp/ryobi/view/images/common/busicon/10000/2/301_s.png"
"9711","https://loc.bus-vision.jp/ryobi/view/images/common/busicon/10000/2/301_s.png"
"972","https://loc.bus-vision.jp/ryobi/view/images/common/busicon/10000/2/301_s.png"
"S01","https://loc.bus-vision.jp/ryobi/view/images/common/busicon/10000/2/301_s.png"
"0217","https://loc.bus-vision.jp/ryobi/view/images/common/busicon/10000/2/302_s.png"
"0221","https://loc.bus-vision.jp/ryobi/view/images/common/busicon/10000/2/302_s.png"
"0327","https://loc.bus-vision.jp/ryobi/view/images/common/busicon/10000/2/302_s.png"
"0405","https://loc.bus-vision.jp/ryobi/view/images/common/busicon/10000/2/302_s.png"
"0428","https://loc.bus-vision.jp/ryobi/view/images/common/busicon/10000/2/302_s.png"
"0506","https://loc.bus-vision.jp/ryobi/view/images/common/busicon/10000/2/302_s.png"
"0507","https://loc.bus-vision.jp/ryobi/view/images/common/busicon/10000/2/302_s.png"
"0605","https://loc.bus-vision.jp/ryobi/view/images/common/busicon/10000/2/302_s.png"
"0701","https://loc.bus-vision.jp/ryobi/view/images/common/busicon/10000/2/302_s.png"
"0702","https://loc.bus-vision.jp/ryobi/view/images/common/busicon/10000/2/302_s.png"
"0804","https://loc.bus-vision.jp/ryobi/view/images/common/busicon/10000/2/302_s.png"
"1003","https://loc.bus-vision.jp/ryobi/view/images/common/busicon/10000/2/302_s.png"
"1007","https://loc.bus-vision.jp/ryobi/view/images/common/busicon/10000/2/302_s.png"
"500","https://loc.bus-vision.jp/ryobi/view/images/common/busicon/10000/2/302_s.png"
"501","https://loc.bus-vision.jp/ryobi/view/images/common/busicon/10000/2/302_s.png"
"502","https://loc.bus-vision.jp/ryobi/view/images/common/busicon/10000/2/302_s.png"
"504","https://loc.bus-vision.jp/ryobi/view/images/common/busicon/10000/2/302_s.png"
"505","https://loc.bus-vision.jp/ryobi/view/images/common/busicon/10000/2/302_s.png"
"506","https://loc.bus-vision.jp/ryobi/view/images/common/busicon/10000/2/302_s.png"
"507","https://loc.bus-vision.jp/ryobi/view/images/common/busicon/10000/2/302_s.png"
"508","https://loc.bus-vision.jp/ryobi/view/images/common/busicon/10000/2/302_s.png"
"509","https://loc.bus-vision.jp/ryobi/view/images/common/busicon/10000/2/302_s.png"
"510","https://loc.bus-vision.jp/ryobi/view/images/common/busicon/10000/2/302_s.png"
"511","https://loc.bus-vision.jp/ryobi/view/images/common/busicon/10000/2/302_s.png"
"512","https://loc.bus-vision.jp/ryobi/view/images/common/busicon/10000/2/302_s.png"
"513","https://loc.bus-vision.jp/ryobi/view/images/common/busicon/10000/2/302_s.png"
"514","https://loc.bus-vision.jp/ryobi/view/images/common/busicon/10000/2/302_s.png"
"515","https://loc.bus-vision.jp/ryobi/view/images/common/busicon/10000/2/302_s.png"
"516","https://loc.bus-vision.jp/ryobi/view/images/common/busicon/10000/2/302_s.png"
"517","https://loc.bus-vision.jp/ryobi/view/images/common/busicon/10000/2/302_s.png"
"518","https://loc.bus-vision.jp/ryobi/view/images/common/busicon/10000/2/302_s.png"
"519","https://loc.bus-vision.jp/ryobi/view/images/common/busicon/10000/2/302_s.png"
"520","https://loc.bus-vision.jp/ryobi/view/images/common/busicon/10000/2/302_s.png"
"523","https://loc.bus-vision.jp/ryobi/view/images/common/busicon/10000/2/302_s.png"
"541","https://loc.bus-vision.jp/ryobi/view/images/common/busicon/10000/2/302_s.png"
"543","https://loc.bus-vision.jp/ryobi/view/images/common/busicon/10000/2/302_s.png"
"545","https://loc.bus-vision.jp/ryobi/view/images/common/busicon/10000/2/302_s.png"
"546","https://loc.bus-vision.jp/ryobi/view/images/common/busicon/10000/2/302_s.png"
"548","https://loc.bus-vision.jp/ryobi/view/images/common/busicon/10000/2/302_s.png"
"550","https://loc.bus-vision.jp/ryobi/view/images/common/busicon/10000/2/302_s.png"
"556","https://loc.bus-vision.jp/ryobi/view/images/common/busicon/10000/2/302_s.png"
"561","https://loc.bus-vision.jp/ryobi/view/images/common/busicon/10000/2/302_s.png"
"562","https://loc.bus-vision.jp/ryobi/view/images/common/busicon/10000/2/302_s.png"
"571","https://loc.bus-vision.jp/ryobi/view/images/common/busicon/10000/2/302_s.png"
"574","https://loc.bus-vision.jp/ryobi/view/images/common/busicon/10000/2/302_s.png"
"977","https://loc.bus-vision.jp/ryobi/view/images/common/busicon/10000/2/302_s.png"
"978","https://loc.bus-vision.jp/ryobi/view/images/common/busicon/10000/2/302_s.png"
"979","https://loc.bus-vision.jp/ryobi/view/images/common/busicon/10000/2/302_s.png"
"980","https://loc.bus-vision.jp/ryobi/view/images/common/busicon/10000/2/302_s.png"
"982","https://loc.bus-vision.jp/ryobi/view/images/common/busicon/10000/2/302_s.png"
"983","https://loc.bus-vision.jp/ryobi/view/images/common/busicon/10000/2/302_s.png"
"984","https://loc.bus-vision.jp/ryobi/view/images/common/busicon/10000/2/302_s.png"
"985","https://loc.bus-vision.jp/ryobi/view/images/common/busicon/10000/2/302_s.png"
"986","https://loc.bus-vision.jp/ryobi/view/images/common/busicon/10000/2/302_s.png"
"987","https://loc.bus-vision.jp/ryobi/view/images/common/busicon/10000/2/302_s.png"
"988","https://loc.bus-vision.jp/ryobi/view/images/common/busicon/10000/2/302_s.png"
"989","https://loc.bus-vision.jp/ryobi/view/images/common/busicon/10000/2/302_s.png"
"990","https://loc.bus-vision.jp/ryobi/view/images/common/busicon/10000/2/302_s.png"
"991","https://loc.bus-vision.jp/ryobi/view/images/common/busicon/10000/2/302_s.png"
"992","https://loc.bus-vision.jp/ryobi/view/images/common/busicon/10000/2/302_s.png"
"993","https://loc.bus-vision.jp/ryobi/view/images/common/busicon/10000/2/302_s.png"
"995","https://loc.bus-vision.jp/ryobi/view/images/common/busicon/10000/2/302_s.png"
"996","https://loc.bus-vision.jp/ryobi/view/images/common/busicon/10000/2/302_s.png"
"997","https://loc.bus-vision.jp/ryobi/view/images/common/busicon/10000/2/302_s.png"
"998","https://loc.bus-vision.jp/ryobi/view/images/common/busicon/10000/2/302_s.png"
"999","https://loc.bus-vision.jp/ryobi/view/images/common/busicon/10000/2/302_s.png"
"524","https://loc.bus-vision.jp/ryobi/view/images/common/busicon/10000/2/303_s.png"
"525","https://loc.bus-vision.jp/ryobi/view/images/common/busicon/10000/2/303_s.png"
"526","https://loc.bus-vision.jp/ryobi/view/images/common/busicon/10000/2/303_s.png"
"535","https://loc.bus-vision.jp/ryobi/view/images/common/busicon/10000/2/303_s.png"
"536","https://loc.bus-vision.jp/ryobi/view/images/common/busicon/10000/2/303_s.png"
"537","https://loc.bus-vision.jp/ryobi/view/images/common/busicon/10000/2/303_s.png"
"538","https://loc.bus-vision.jp/ryobi/view/images/common/busicon/10000/2/303_s.png"
"539","https://loc.bus-vision.jp/ryobi/view/images/common/busicon/10000/2/303_s.png"
"540","https://loc.bus-vision.jp/ryobi/view/images/common/busicon/10000/2/303_s.png"
"551","https://loc.bus-vision.jp/ryobi/view/images/common/busicon/10000/2/303_s.png"
"552","https://loc.bus-vision.jp/ryobi/view/images/common/busicon/10000/2/303_s.png"
"553","https://loc.bus-vision.jp/ryobi/view/images/common/busicon/10000/2/303_s.png"
"554","https://loc.bus-vision.jp/ryobi/view/images/common/busicon/10000/2/303_s.png"
"555","https://loc.bus-vision.jp/ryobi/view/images/common/busicon/10000/2/303_s.png"
"557","https://loc.bus-vision.jp/ryobi/view/images/common/busicon/10000/2/303_s.png"
"558","https://loc.bus-vision.jp/ryobi/view/images/common/busicon/10000/2/303_s.png"
"559","https://loc.bus-vision.jp/ryobi/view/images/common/busicon/10000/2/303_s.png"
"560","https://loc.bus-vision.jp/ryobi/view/images/common/busicon/10000/2/303_s.png"
"563","https://loc.bus-vision.jp/ryobi/view/images/common/busicon/10000/2/303_s.png"
"564","https://loc.bus-vision.jp/ryobi/view/images/common/busicon/10000/2/303_s.png"
"565","https://loc.bus-vision.jp/ryobi/view/images/common/busicon/10000/2/303_s.png"
"566","https://loc.bus-vision.jp/ryobi/view/images/common/busicon/10000/2/303_s.png"
"567","https://loc.bus-vision.jp/ryobi/view/images/common/busicon/10000/2/303_s.png"
"568","https://loc.bus-vision.jp/ryobi/view/images/common/busicon/10000/2/303_s.png"
"569","https://loc.bus-vision.jp/ryobi/view/images/common/busicon/10000/2/303_s.png"
"570","https://loc.bus-vision.jp/ryobi/view/images/common/busicon/10000/2/303_s.png"
"572","https://loc.bus-vision.jp/ryobi/view/images/common/busicon/10000/2/303_s.png"
"573","https://loc.bus-vision.jp/ryobi/view/images/common/busicon/10000/2/303_s.png"
"973","https://loc.bus-vision.jp/ryobi/view/images/common/busicon/10000/2/303_s.png"
"975","https://loc.bus-vision.jp/ryobi/view/images/common/busicon/10000/2/303_s.png"
"976","https://loc.bus-vision.jp/ryobi/view/images/common/busicon/10000/2/303_s.png"
"981","https://loc.bus-vision.jp/ryobi/view/images/common/busicon/10000/2/303_s.png"
"S06","https://loc.bus-vision.jp/ryobi/view/images/common/busicon/10000/2/303_s.png"
"S07","https://loc.bus-vision.jp/ryobi/view/images/common/busicon/10000/2/303_s.png"
"521","https://loc.bus-vision.jp/ryobi/view/images/common/busicon/10000/2/304_s.png"
"522","https://loc.bus-vision.jp/ryobi/view/images/common/busicon/10000/2/304_s.png"
"527","https://loc.bus-vision.jp/ryobi/view/images/common/busicon/10000/2/304_s.png"
"530","https://loc.bus-vision.jp/ryobi/view/images/common/busicon/10000/2/304_s.png"
"531","https://loc.bus-vision.jp/ryobi/view/images/common/busicon/10000/2/304_s.png"
"534","https://loc.bus-vision.jp/ryobi/view/images/common/busicon/10000/2/304_s.png"
"S03","https://loc.bus-vision.jp/ryobi/view/images/common/busicon/10000/2/305_s.png"
"S02","https://loc.bus-vision.jp/ryobi/view/images/common/busicon/10000/2/306_s.png"
"547","https://loc.bus-vision.jp/ryobi/view/images/common/busicon/10000/2/307_s.png"
"503","https://loc.bus-vision.jp/ryobi/view/images/common/busicon/10000/2/308_s.png"
